Image,Title,Regular Price,Category,Short_description,description
https://i.ebayimg.com/images/g/icYAAOSwtodjTlP-/s-l500.webp,Christmas Tree Deer Silicone Fondant Mould Cake Sugarcraft Chocolate Baking Mold,1578,"Silicone Molds for Fondant
 (Jigyansha)","Silicone Molds for Fondant & Cake Decoration

-Who Needs It: Ideal for cake decorators, bakers, and DIY enthusiasts looking to create intricate fondant designs, gum paste decorations, or chocolates for special occasions like weddings, birthdays, and holidays.
-Features: Made from food-grade, non-stick silicone, these molds offer detailed, high-quality designs for easy release and professional results.
-Durability: Flexible and durable, these molds are heat-resistant and can be used repeatedly without losing shape, providing long-lasting performance.
-Options: Available in a wide variety of shapes, including flowers, letters, animals, and custom designs to match any theme or event.
-Additional Features: Dishwasher safe for easy cleaning, and microwave and freezer safe for versatile use, making them perfect for fondant, chocolate, and even ice molding. Shop now Christmas Tree Deer Silicone Fondant Mould Cake Sugarcraft Chocolate Baking Mold","Silicone Molds for Fondant and Cake Decorating

Product Features:
Silicone molds for fondant are a must-have for cake decorators, bakers, and hobbyists looking to create intricate and professional-looking designs with ease. These versatile molds provide superior detail and flexibility, making them an excellent tool for both novice and experienced decorators. Whether you're designing wedding cakes, birthday treats, or crafting edible decorations, these silicone molds will elevate your creations to the next level.

What is it used for?
Silicone molds for fondant are designed for molding fondant, gum paste, chocolate, and other edible materials into shapes like flowers, lace, intricate patterns, and 3D designs. They are ideal for decorating cakes, cupcakes, cookies, and pastries, allowing you to achieve detailed and precise shapes without the need for intricate hand molding.

Key Features:
-Superior Flexibility & Easy Release
Made from food-grade, BPA-free silicone, these molds are flexible and non-stick, ensuring easy removal of fondant or other molded ingredients. The high-quality silicone ensures that your designs retain their fine details even after popping out of the mold.

-Durable & Long-Lasting
Crafted to withstand frequent use, these silicone molds are tear-resistant and highly durable. The flexible yet sturdy material ensures they maintain their shape even after extensive use, making them a long-term investment for cake decorators.

-Heat & Cold Resistant
These molds can be used with hot and cold ingredients. They are heat resistant up to 450F (232C), so they can also be used for molding chocolate, candy, and other melted substances. They're equally effective in the freezer or fridge, allowing you to mold butter, fondant, and more.

-Wide Range of Designs & Customization Options
Available in an array of detailed designs, these molds range from floral patterns to intricate lace textures and even 3D shapes. Choose from different styles to match the theme of your celebration등hether you're creating elegant roses, whimsical animals, or vintage-inspired lace.

-Safe & Easy to Use
Easy to clean and maintain, these molds are dishwasher safe, which ensures quick cleanup. The non-stick surface makes it simple to release molded items without damaging delicate designs. Perfect for both professionals and beginners, the molds are user-friendly and can be used with minimal effort.

Specifications:
-Material: Food-grade, BPA-free, flexible silicone
-Temperature Resistance: Heat-resistant up to 450F (232C); freezer safe
-Design Options: Floral, lace, 3D shapes, vintage patterns, more
-Size: 	Available in various sizes for different cake projects
-Cleaning: Dishwasher safe, non-stick, easy to clean

Additional Features:
-Multi-Purpose Use: These molds are not just limited to fondant but can also be used for gum paste, sugarpaste, chocolate, candy, and even soap making, offering versatility for different creative projects.
-Perfect for Detailed Edibles: The molds allow for precision in creating realistic and fine details, perfect for making professional-looking edible decorations that stand out on cakes and cupcakes.
-Variety of Color Options: Choose from molds available in various colors, which help you add a creative flair to your cake decorating sessions.

Why Choose Our Silicone Molds for Fondant?
Our silicone molds stand out from competitors due to their exceptional flexibility and ability to maintain fine details even in complex designs. The high-quality silicone ensures an easy release, and the heat and cold resistance makes them perfect for a wide range of baking needs. Unlike many traditional molds, these are dishwasher safe, offering ultimate convenience for those who want to spend more time decorating and less time cleaning.

Whether you're a beginner just starting to explore cake decoration or an experienced baker looking for professional-grade tools, these silicone molds for fondant will help you achieve flawless designs with minimal effort. Shop for Christmas Tree Deer Silicone Fondant Mould Cake Sugarcraft Chocolate Baking Mold"
https://i.ebayimg.com/images/g/se8AAOSws31kDToo/s-l500.webp,TINY leaves silicone mold for Fondant-Resin-polymer Clay-handcrafts-handmade,7090,"Silicone Molds for Fondant
 (Jigyansha)","Silicone Molds for Fondant & Cake Decoration

-Who Needs It: Ideal for cake decorators, bakers, and DIY enthusiasts looking to create intricate fondant designs, gum paste decorations, or chocolates for special occasions like weddings, birthdays, and holidays.
-Features: Made from food-grade, non-stick silicone, these molds offer detailed, high-quality designs for easy release and professional results.
-Durability: Flexible and durable, these molds are heat-resistant and can be used repeatedly without losing shape, providing long-lasting performance.
-Options: Available in a wide variety of shapes, including flowers, letters, animals, and custom designs to match any theme or event.
-Additional Features: Dishwasher safe for easy cleaning, and microwave and freezer safe for versatile use, making them perfect for fondant, chocolate, and even ice molding. Shop now Christmas Tree Deer Silicone Fondant Mould Cake Sugarcraft Chocolate Baking Mold","Silicone Molds for Fondant and Cake Decorating

Product Features:
Silicone molds for fondant are a must-have for cake decorators, bakers, and hobbyists looking to create intricate and professional-looking designs with ease. These versatile molds provide superior detail and flexibility, making them an excellent tool for both novice and experienced decorators. Whether you're designing wedding cakes, birthday treats, or crafting edible decorations, these silicone molds will elevate your creations to the next level.

What is it used for?
Silicone molds for fondant are designed for molding fondant, gum paste, chocolate, and other edible materials into shapes like flowers, lace, intricate patterns, and 3D designs. They are ideal for decorating cakes, cupcakes, cookies, and pastries, allowing you to achieve detailed and precise shapes without the need for intricate hand molding.

Key Features:
-Superior Flexibility & Easy Release
Made from food-grade, BPA-free silicone, these molds are flexible and non-stick, ensuring easy removal of fondant or other molded ingredients. The high-quality silicone ensures that your designs retain their fine details even after popping out of the mold.

-Durable & Long-Lasting
Crafted to withstand frequent use, these silicone molds are tear-resistant and highly durable. The flexible yet sturdy material ensures they maintain their shape even after extensive use, making them a long-term investment for cake decorators.

-Heat & Cold Resistant
These molds can be used with hot and cold ingredients. They are heat resistant up to 450F (232C), so they can also be used for molding chocolate, candy, and other melted substances. They're equally effective in the freezer or fridge, allowing you to mold butter, fondant, and more.

-Wide Range of Designs & Customization Options
Available in an array of detailed designs, these molds range from floral patterns to intricate lace textures and even 3D shapes. Choose from different styles to match the theme of your celebration등hether you're creating elegant roses, whimsical animals, or vintage-inspired lace.

-Safe & Easy to Use
Easy to clean and maintain, these molds are dishwasher safe, which ensures quick cleanup. The non-stick surface makes it simple to release molded items without damaging delicate designs. Perfect for both professionals and beginners, the molds are user-friendly and can be used with minimal effort.

Specifications:
-Material: Food-grade, BPA-free, flexible silicone
-Temperature Resistance: Heat-resistant up to 450F (232C); freezer safe
-Design Options: Floral, lace, 3D shapes, vintage patterns, more
-Size: 	Available in various sizes for different cake projects
-Cleaning: Dishwasher safe, non-stick, easy to clean

Additional Features:
-Multi-Purpose Use: These molds are not just limited to fondant but can also be used for gum paste, sugarpaste, chocolate, candy, and even soap making, offering versatility for different creative projects.
-Perfect for Detailed Edibles: The molds allow for precision in creating realistic and fine details, perfect for making professional-looking edible decorations that stand out on cakes and cupcakes.
-Variety of Color Options: Choose from molds available in various colors, which help you add a creative flair to your cake decorating sessions.

Why Choose Our Silicone Molds for Fondant?
Our silicone molds stand out from competitors due to their exceptional flexibility and ability to maintain fine details even in complex designs. The high-quality silicone ensures an easy release, and the heat and cold resistance makes them perfect for a wide range of baking needs. Unlike many traditional molds, these are dishwasher safe, offering ultimate convenience for those who want to spend more time decorating and less time cleaning.

Whether you're a beginner just starting to explore cake decoration or an experienced baker looking for professional-grade tools, these silicone molds for fondant will help you achieve flawless designs with minimal effort. Shop for Christmas Tree Deer Silicone Fondant Mould Cake Sugarcraft Chocolate Baking Mold"
https://i.ebayimg.com/images/g/YcAAAOSwscxmu96P/s-l500.webp,Christmas Village House Church Gingerbread Chocolate Fondant Resin Silicone Mold,8958,"Silicone Molds for Fondant
 (Jigyansha)","Silicone Molds for Fondant & Cake Decoration

-Who Needs It: Ideal for cake decorators, bakers, and DIY enthusiasts looking to create intricate fondant designs, gum paste decorations, or chocolates for special occasions like weddings, birthdays, and holidays.
-Features: Made from food-grade, non-stick silicone, these molds offer detailed, high-quality designs for easy release and professional results.
-Durability: Flexible and durable, these molds are heat-resistant and can be used repeatedly without losing shape, providing long-lasting performance.
-Options: Available in a wide variety of shapes, including flowers, letters, animals, and custom designs to match any theme or event.
-Additional Features: Dishwasher safe for easy cleaning, and microwave and freezer safe for versatile use, making them perfect for fondant, chocolate, and even ice molding. Shop now Christmas Tree Deer Silicone Fondant Mould Cake Sugarcraft Chocolate Baking Mold","Silicone Molds for Fondant and Cake Decorating

Product Features:
Silicone molds for fondant are a must-have for cake decorators, bakers, and hobbyists looking to create intricate and professional-looking designs with ease. These versatile molds provide superior detail and flexibility, making them an excellent tool for both novice and experienced decorators. Whether you're designing wedding cakes, birthday treats, or crafting edible decorations, these silicone molds will elevate your creations to the next level.

What is it used for?
Silicone molds for fondant are designed for molding fondant, gum paste, chocolate, and other edible materials into shapes like flowers, lace, intricate patterns, and 3D designs. They are ideal for decorating cakes, cupcakes, cookies, and pastries, allowing you to achieve detailed and precise shapes without the need for intricate hand molding.

Key Features:
-Superior Flexibility & Easy Release
Made from food-grade, BPA-free silicone, these molds are flexible and non-stick, ensuring easy removal of fondant or other molded ingredients. The high-quality silicone ensures that your designs retain their fine details even after popping out of the mold.

-Durable & Long-Lasting
Crafted to withstand frequent use, these silicone molds are tear-resistant and highly durable. The flexible yet sturdy material ensures they maintain their shape even after extensive use, making them a long-term investment for cake decorators.

-Heat & Cold Resistant
These molds can be used with hot and cold ingredients. They are heat resistant up to 450F (232C), so they can also be used for molding chocolate, candy, and other melted substances. They're equally effective in the freezer or fridge, allowing you to mold butter, fondant, and more.

-Wide Range of Designs & Customization Options
Available in an array of detailed designs, these molds range from floral patterns to intricate lace textures and even 3D shapes. Choose from different styles to match the theme of your celebration등hether you're creating elegant roses, whimsical animals, or vintage-inspired lace.

-Safe & Easy to Use
Easy to clean and maintain, these molds are dishwasher safe, which ensures quick cleanup. The non-stick surface makes it simple to release molded items without damaging delicate designs. Perfect for both professionals and beginners, the molds are user-friendly and can be used with minimal effort.

Specifications:
-Material: Food-grade, BPA-free, flexible silicone
-Temperature Resistance: Heat-resistant up to 450F (232C); freezer safe
-Design Options: Floral, lace, 3D shapes, vintage patterns, more
-Size: 	Available in various sizes for different cake projects
-Cleaning: Dishwasher safe, non-stick, easy to clean

Additional Features:
-Multi-Purpose Use: These molds are not just limited to fondant but can also be used for gum paste, sugarpaste, chocolate, candy, and even soap making, offering versatility for different creative projects.
-Perfect for Detailed Edibles: The molds allow for precision in creating realistic and fine details, perfect for making professional-looking edible decorations that stand out on cakes and cupcakes.
-Variety of Color Options: Choose from molds available in various colors, which help you add a creative flair to your cake decorating sessions.

Why Choose Our Silicone Molds for Fondant?
Our silicone molds stand out from competitors due to their exceptional flexibility and ability to maintain fine details even in complex designs. The high-quality silicone ensures an easy release, and the heat and cold resistance makes them perfect for a wide range of baking needs. Unlike many traditional molds, these are dishwasher safe, offering ultimate convenience for those who want to spend more time decorating and less time cleaning.

Whether you're a beginner just starting to explore cake decoration or an experienced baker looking for professional-grade tools, these silicone molds for fondant will help you achieve flawless designs with minimal effort. Shop for Christmas Tree Deer Silicone Fondant Mould Cake Sugarcraft Chocolate Baking Mold"
https://i.ebayimg.com/images/g/kM4AAOSwEzNdAzZ8/s-l500.webp,Sleeping Girl Mermaid Fondant Cake Silicone Mold with Long Hair and Tail,2398,"Silicone Molds for Fondant
 (Jigyansha)","Silicone Molds for Fondant & Cake Decoration

-Who Needs It: Ideal for cake decorators, bakers, and DIY enthusiasts looking to create intricate fondant designs, gum paste decorations, or chocolates for special occasions like weddings, birthdays, and holidays.
-Features: Made from food-grade, non-stick silicone, these molds offer detailed, high-quality designs for easy release and professional results.
-Durability: Flexible and durable, these molds are heat-resistant and can be used repeatedly without losing shape, providing long-lasting performance.
-Options: Available in a wide variety of shapes, including flowers, letters, animals, and custom designs to match any theme or event.
-Additional Features: Dishwasher safe for easy cleaning, and microwave and freezer safe for versatile use, making them perfect for fondant, chocolate, and even ice molding. Shop now Christmas Tree Deer Silicone Fondant Mould Cake Sugarcraft Chocolate Baking Mold","Silicone Molds for Fondant and Cake Decorating

Product Features:
Silicone molds for fondant are a must-have for cake decorators, bakers, and hobbyists looking to create intricate and professional-looking designs with ease. These versatile molds provide superior detail and flexibility, making them an excellent tool for both novice and experienced decorators. Whether you're designing wedding cakes, birthday treats, or crafting edible decorations, these silicone molds will elevate your creations to the next level.

What is it used for?
Silicone molds for fondant are designed for molding fondant, gum paste, chocolate, and other edible materials into shapes like flowers, lace, intricate patterns, and 3D designs. They are ideal for decorating cakes, cupcakes, cookies, and pastries, allowing you to achieve detailed and precise shapes without the need for intricate hand molding.

Key Features:
-Superior Flexibility & Easy Release
Made from food-grade, BPA-free silicone, these molds are flexible and non-stick, ensuring easy removal of fondant or other molded ingredients. The high-quality silicone ensures that your designs retain their fine details even after popping out of the mold.

-Durable & Long-Lasting
Crafted to withstand frequent use, these silicone molds are tear-resistant and highly durable. The flexible yet sturdy material ensures they maintain their shape even after extensive use, making them a long-term investment for cake decorators.

-Heat & Cold Resistant
These molds can be used with hot and cold ingredients. They are heat resistant up to 450F (232C), so they can also be used for molding chocolate, candy, and other melted substances. They're equally effective in the freezer or fridge, allowing you to mold butter, fondant, and more.

-Wide Range of Designs & Customization Options
Available in an array of detailed designs, these molds range from floral patterns to intricate lace textures and even 3D shapes. Choose from different styles to match the theme of your celebration등hether you're creating elegant roses, whimsical animals, or vintage-inspired lace.

-Safe & Easy to Use
Easy to clean and maintain, these molds are dishwasher safe, which ensures quick cleanup. The non-stick surface makes it simple to release molded items without damaging delicate designs. Perfect for both professionals and beginners, the molds are user-friendly and can be used with minimal effort.

Specifications:
-Material: Food-grade, BPA-free, flexible silicone
-Temperature Resistance: Heat-resistant up to 450F (232C); freezer safe
-Design Options: Floral, lace, 3D shapes, vintage patterns, more
-Size: 	Available in various sizes for different cake projects
-Cleaning: Dishwasher safe, non-stick, easy to clean

Additional Features:
-Multi-Purpose Use: These molds are not just limited to fondant but can also be used for gum paste, sugarpaste, chocolate, candy, and even soap making, offering versatility for different creative projects.
-Perfect for Detailed Edibles: The molds allow for precision in creating realistic and fine details, perfect for making professional-looking edible decorations that stand out on cakes and cupcakes.
-Variety of Color Options: Choose from molds available in various colors, which help you add a creative flair to your cake decorating sessions.

Why Choose Our Silicone Molds for Fondant?
Our silicone molds stand out from competitors due to their exceptional flexibility and ability to maintain fine details even in complex designs. The high-quality silicone ensures an easy release, and the heat and cold resistance makes them perfect for a wide range of baking needs. Unlike many traditional molds, these are dishwasher safe, offering ultimate convenience for those who want to spend more time decorating and less time cleaning.

Whether you're a beginner just starting to explore cake decoration or an experienced baker looking for professional-grade tools, these silicone molds for fondant will help you achieve flawless designs with minimal effort. Shop for Christmas Tree Deer Silicone Fondant Mould Cake Sugarcraft Chocolate Baking Mold"
https://i.ebayimg.com/images/g/fmIAAOSwQ45l265r/s-l500.webp,small rope texture silicone mold fondant clay FAST Free Shipping 2.4 in by 5 in,5900,"Silicone Molds for Fondant
 (Jigyansha)","Silicone Molds for Fondant & Cake Decoration

-Who Needs It: Ideal for cake decorators, bakers, and DIY enthusiasts looking to create intricate fondant designs, gum paste decorations, or chocolates for special occasions like weddings, birthdays, and holidays.
-Features: Made from food-grade, non-stick silicone, these molds offer detailed, high-quality designs for easy release and professional results.
-Durability: Flexible and durable, these molds are heat-resistant and can be used repeatedly without losing shape, providing long-lasting performance.
-Options: Available in a wide variety of shapes, including flowers, letters, animals, and custom designs to match any theme or event.
-Additional Features: Dishwasher safe for easy cleaning, and microwave and freezer safe for versatile use, making them perfect for fondant, chocolate, and even ice molding. Shop now Christmas Tree Deer Silicone Fondant Mould Cake Sugarcraft Chocolate Baking Mold","Silicone Molds for Fondant and Cake Decorating

Product Features:
Silicone molds for fondant are a must-have for cake decorators, bakers, and hobbyists looking to create intricate and professional-looking designs with ease. These versatile molds provide superior detail and flexibility, making them an excellent tool for both novice and experienced decorators. Whether you're designing wedding cakes, birthday treats, or crafting edible decorations, these silicone molds will elevate your creations to the next level.

What is it used for?
Silicone molds for fondant are designed for molding fondant, gum paste, chocolate, and other edible materials into shapes like flowers, lace, intricate patterns, and 3D designs. They are ideal for decorating cakes, cupcakes, cookies, and pastries, allowing you to achieve detailed and precise shapes without the need for intricate hand molding.

Key Features:
-Superior Flexibility & Easy Release
Made from food-grade, BPA-free silicone, these molds are flexible and non-stick, ensuring easy removal of fondant or other molded ingredients. The high-quality silicone ensures that your designs retain their fine details even after popping out of the mold.

-Durable & Long-Lasting
Crafted to withstand frequent use, these silicone molds are tear-resistant and highly durable. The flexible yet sturdy material ensures they maintain their shape even after extensive use, making them a long-term investment for cake decorators.

-Heat & Cold Resistant
These molds can be used with hot and cold ingredients. They are heat resistant up to 450F (232C), so they can also be used for molding chocolate, candy, and other melted substances. They're equally effective in the freezer or fridge, allowing you to mold butter, fondant, and more.

-Wide Range of Designs & Customization Options
Available in an array of detailed designs, these molds range from floral patterns to intricate lace textures and even 3D shapes. Choose from different styles to match the theme of your celebration등hether you're creating elegant roses, whimsical animals, or vintage-inspired lace.

-Safe & Easy to Use
Easy to clean and maintain, these molds are dishwasher safe, which ensures quick cleanup. The non-stick surface makes it simple to release molded items without damaging delicate designs. Perfect for both professionals and beginners, the molds are user-friendly and can be used with minimal effort.

Specifications:
-Material: Food-grade, BPA-free, flexible silicone
-Temperature Resistance: Heat-resistant up to 450F (232C); freezer safe
-Design Options: Floral, lace, 3D shapes, vintage patterns, more
-Size: 	Available in various sizes for different cake projects
-Cleaning: Dishwasher safe, non-stick, easy to clean

Additional Features:
-Multi-Purpose Use: These molds are not just limited to fondant but can also be used for gum paste, sugarpaste, chocolate, candy, and even soap making, offering versatility for different creative projects.
-Perfect for Detailed Edibles: The molds allow for precision in creating realistic and fine details, perfect for making professional-looking edible decorations that stand out on cakes and cupcakes.
-Variety of Color Options: Choose from molds available in various colors, which help you add a creative flair to your cake decorating sessions.

Why Choose Our Silicone Molds for Fondant?
Our silicone molds stand out from competitors due to their exceptional flexibility and ability to maintain fine details even in complex designs. The high-quality silicone ensures an easy release, and the heat and cold resistance makes them perfect for a wide range of baking needs. Unlike many traditional molds, these are dishwasher safe, offering ultimate convenience for those who want to spend more time decorating and less time cleaning.

Whether you're a beginner just starting to explore cake decoration or an experienced baker looking for professional-grade tools, these silicone molds for fondant will help you achieve flawless designs with minimal effort. Shop for Christmas Tree Deer Silicone Fondant Mould Cake Sugarcraft Chocolate Baking Mold"
https://i.ebayimg.com/images/g/8D0AAOSw2XxhpIm8/s-l500.webp,XMAS Pine Cone Silicone Fondant Cake Decorating Mold Chocolate Sugarcraft Mould,7056,"Silicone Molds for Fondant
 (Jigyansha)","Silicone Molds for Fondant & Cake Decoration

-Who Needs It: Ideal for cake decorators, bakers, and DIY enthusiasts looking to create intricate fondant designs, gum paste decorations, or chocolates for special occasions like weddings, birthdays, and holidays.
-Features: Made from food-grade, non-stick silicone, these molds offer detailed, high-quality designs for easy release and professional results.
-Durability: Flexible and durable, these molds are heat-resistant and can be used repeatedly without losing shape, providing long-lasting performance.
-Options: Available in a wide variety of shapes, including flowers, letters, animals, and custom designs to match any theme or event.
-Additional Features: Dishwasher safe for easy cleaning, and microwave and freezer safe for versatile use, making them perfect for fondant, chocolate, and even ice molding. Shop now Christmas Tree Deer Silicone Fondant Mould Cake Sugarcraft Chocolate Baking Mold","Silicone Molds for Fondant and Cake Decorating

Product Features:
Silicone molds for fondant are a must-have for cake decorators, bakers, and hobbyists looking to create intricate and professional-looking designs with ease. These versatile molds provide superior detail and flexibility, making them an excellent tool for both novice and experienced decorators. Whether you're designing wedding cakes, birthday treats, or crafting edible decorations, these silicone molds will elevate your creations to the next level.

What is it used for?
Silicone molds for fondant are designed for molding fondant, gum paste, chocolate, and other edible materials into shapes like flowers, lace, intricate patterns, and 3D designs. They are ideal for decorating cakes, cupcakes, cookies, and pastries, allowing you to achieve detailed and precise shapes without the need for intricate hand molding.

Key Features:
-Superior Flexibility & Easy Release
Made from food-grade, BPA-free silicone, these molds are flexible and non-stick, ensuring easy removal of fondant or other molded ingredients. The high-quality silicone ensures that your designs retain their fine details even after popping out of the mold.

-Durable & Long-Lasting
Crafted to withstand frequent use, these silicone molds are tear-resistant and highly durable. The flexible yet sturdy material ensures they maintain their shape even after extensive use, making them a long-term investment for cake decorators.

-Heat & Cold Resistant
These molds can be used with hot and cold ingredients. They are heat resistant up to 450F (232C), so they can also be used for molding chocolate, candy, and other melted substances. They're equally effective in the freezer or fridge, allowing you to mold butter, fondant, and more.

-Wide Range of Designs & Customization Options
Available in an array of detailed designs, these molds range from floral patterns to intricate lace textures and even 3D shapes. Choose from different styles to match the theme of your celebration등hether you're creating elegant roses, whimsical animals, or vintage-inspired lace.

-Safe & Easy to Use
Easy to clean and maintain, these molds are dishwasher safe, which ensures quick cleanup. The non-stick surface makes it simple to release molded items without damaging delicate designs. Perfect for both professionals and beginners, the molds are user-friendly and can be used with minimal effort.

Specifications:
-Material: Food-grade, BPA-free, flexible silicone
-Temperature Resistance: Heat-resistant up to 450F (232C); freezer safe
-Design Options: Floral, lace, 3D shapes, vintage patterns, more
-Size: 	Available in various sizes for different cake projects
-Cleaning: Dishwasher safe, non-stick, easy to clean

Additional Features:
-Multi-Purpose Use: These molds are not just limited to fondant but can also be used for gum paste, sugarpaste, chocolate, candy, and even soap making, offering versatility for different creative projects.
-Perfect for Detailed Edibles: The molds allow for precision in creating realistic and fine details, perfect for making professional-looking edible decorations that stand out on cakes and cupcakes.
-Variety of Color Options: Choose from molds available in various colors, which help you add a creative flair to your cake decorating sessions.

Why Choose Our Silicone Molds for Fondant?
Our silicone molds stand out from competitors due to their exceptional flexibility and ability to maintain fine details even in complex designs. The high-quality silicone ensures an easy release, and the heat and cold resistance makes them perfect for a wide range of baking needs. Unlike many traditional molds, these are dishwasher safe, offering ultimate convenience for those who want to spend more time decorating and less time cleaning.

Whether you're a beginner just starting to explore cake decoration or an experienced baker looking for professional-grade tools, these silicone molds for fondant will help you achieve flawless designs with minimal effort. Shop for Christmas Tree Deer Silicone Fondant Mould Cake Sugarcraft Chocolate Baking Mold"
https://i.ebayimg.com/images/g/ldUAAOSwRfdnJsYw/s-l500.webp,"Feather Silicone Molds Baroque Fondant, (3 Pack) Lace Scroll Chocolate Molds, fo",18446,"Silicone Molds for Fondant
 (Jigyansha)","Silicone Molds for Fondant & Cake Decoration

-Who Needs It: Ideal for cake decorators, bakers, and DIY enthusiasts looking to create intricate fondant designs, gum paste decorations, or chocolates for special occasions like weddings, birthdays, and holidays.
-Features: Made from food-grade, non-stick silicone, these molds offer detailed, high-quality designs for easy release and professional results.
-Durability: Flexible and durable, these molds are heat-resistant and can be used repeatedly without losing shape, providing long-lasting performance.
-Options: Available in a wide variety of shapes, including flowers, letters, animals, and custom designs to match any theme or event.
-Additional Features: Dishwasher safe for easy cleaning, and microwave and freezer safe for versatile use, making them perfect for fondant, chocolate, and even ice molding. Shop now Christmas Tree Deer Silicone Fondant Mould Cake Sugarcraft Chocolate Baking Mold","Silicone Molds for Fondant and Cake Decorating

Product Features:
Silicone molds for fondant are a must-have for cake decorators, bakers, and hobbyists looking to create intricate and professional-looking designs with ease. These versatile molds provide superior detail and flexibility, making them an excellent tool for both novice and experienced decorators. Whether you're designing wedding cakes, birthday treats, or crafting edible decorations, these silicone molds will elevate your creations to the next level.

What is it used for?
Silicone molds for fondant are designed for molding fondant, gum paste, chocolate, and other edible materials into shapes like flowers, lace, intricate patterns, and 3D designs. They are ideal for decorating cakes, cupcakes, cookies, and pastries, allowing you to achieve detailed and precise shapes without the need for intricate hand molding.

Key Features:
-Superior Flexibility & Easy Release
Made from food-grade, BPA-free silicone, these molds are flexible and non-stick, ensuring easy removal of fondant or other molded ingredients. The high-quality silicone ensures that your designs retain their fine details even after popping out of the mold.

-Durable & Long-Lasting
Crafted to withstand frequent use, these silicone molds are tear-resistant and highly durable. The flexible yet sturdy material ensures they maintain their shape even after extensive use, making them a long-term investment for cake decorators.

-Heat & Cold Resistant
These molds can be used with hot and cold ingredients. They are heat resistant up to 450F (232C), so they can also be used for molding chocolate, candy, and other melted substances. They're equally effective in the freezer or fridge, allowing you to mold butter, fondant, and more.

-Wide Range of Designs & Customization Options
Available in an array of detailed designs, these molds range from floral patterns to intricate lace textures and even 3D shapes. Choose from different styles to match the theme of your celebration등hether you're creating elegant roses, whimsical animals, or vintage-inspired lace.

-Safe & Easy to Use
Easy to clean and maintain, these molds are dishwasher safe, which ensures quick cleanup. The non-stick surface makes it simple to release molded items without damaging delicate designs. Perfect for both professionals and beginners, the molds are user-friendly and can be used with minimal effort.

Specifications:
-Material: Food-grade, BPA-free, flexible silicone
-Temperature Resistance: Heat-resistant up to 450F (232C); freezer safe
-Design Options: Floral, lace, 3D shapes, vintage patterns, more
-Size: 	Available in various sizes for different cake projects
-Cleaning: Dishwasher safe, non-stick, easy to clean

Additional Features:
-Multi-Purpose Use: These molds are not just limited to fondant but can also be used for gum paste, sugarpaste, chocolate, candy, and even soap making, offering versatility for different creative projects.
-Perfect for Detailed Edibles: The molds allow for precision in creating realistic and fine details, perfect for making professional-looking edible decorations that stand out on cakes and cupcakes.
-Variety of Color Options: Choose from molds available in various colors, which help you add a creative flair to your cake decorating sessions.

Why Choose Our Silicone Molds for Fondant?
Our silicone molds stand out from competitors due to their exceptional flexibility and ability to maintain fine details even in complex designs. The high-quality silicone ensures an easy release, and the heat and cold resistance makes them perfect for a wide range of baking needs. Unlike many traditional molds, these are dishwasher safe, offering ultimate convenience for those who want to spend more time decorating and less time cleaning.

Whether you're a beginner just starting to explore cake decoration or an experienced baker looking for professional-grade tools, these silicone molds for fondant will help you achieve flawless designs with minimal effort. Shop for Christmas Tree Deer Silicone Fondant Mould Cake Sugarcraft Chocolate Baking Mold"
https://i.ebayimg.com/images/g/6IEAAOSwfV9mhHWD/s-l500.webp,Penguin Silicone Mold Chocolate Fondant Candy Ice Cube Tray Baking Xmas Holiday,5256,"Silicone Molds for Fondant
 (Jigyansha)","Silicone Molds for Fondant & Cake Decoration

-Who Needs It: Ideal for cake decorators, bakers, and DIY enthusiasts looking to create intricate fondant designs, gum paste decorations, or chocolates for special occasions like weddings, birthdays, and holidays.
-Features: Made from food-grade, non-stick silicone, these molds offer detailed, high-quality designs for easy release and professional results.
-Durability: Flexible and durable, these molds are heat-resistant and can be used repeatedly without losing shape, providing long-lasting performance.
-Options: Available in a wide variety of shapes, including flowers, letters, animals, and custom designs to match any theme or event.
-Additional Features: Dishwasher safe for easy cleaning, and microwave and freezer safe for versatile use, making them perfect for fondant, chocolate, and even ice molding. Shop now Christmas Tree Deer Silicone Fondant Mould Cake Sugarcraft Chocolate Baking Mold","Silicone Molds for Fondant and Cake Decorating

Product Features:
Silicone molds for fondant are a must-have for cake decorators, bakers, and hobbyists looking to create intricate and professional-looking designs with ease. These versatile molds provide superior detail and flexibility, making them an excellent tool for both novice and experienced decorators. Whether you're designing wedding cakes, birthday treats, or crafting edible decorations, these silicone molds will elevate your creations to the next level.

What is it used for?
Silicone molds for fondant are designed for molding fondant, gum paste, chocolate, and other edible materials into shapes like flowers, lace, intricate patterns, and 3D designs. They are ideal for decorating cakes, cupcakes, cookies, and pastries, allowing you to achieve detailed and precise shapes without the need for intricate hand molding.

Key Features:
-Superior Flexibility & Easy Release
Made from food-grade, BPA-free silicone, these molds are flexible and non-stick, ensuring easy removal of fondant or other molded ingredients. The high-quality silicone ensures that your designs retain their fine details even after popping out of the mold.

-Durable & Long-Lasting
Crafted to withstand frequent use, these silicone molds are tear-resistant and highly durable. The flexible yet sturdy material ensures they maintain their shape even after extensive use, making them a long-term investment for cake decorators.

-Heat & Cold Resistant
These molds can be used with hot and cold ingredients. They are heat resistant up to 450F (232C), so they can also be used for molding chocolate, candy, and other melted substances. They're equally effective in the freezer or fridge, allowing you to mold butter, fondant, and more.

-Wide Range of Designs & Customization Options
Available in an array of detailed designs, these molds range from floral patterns to intricate lace textures and even 3D shapes. Choose from different styles to match the theme of your celebration등hether you're creating elegant roses, whimsical animals, or vintage-inspired lace.

-Safe & Easy to Use
Easy to clean and maintain, these molds are dishwasher safe, which ensures quick cleanup. The non-stick surface makes it simple to release molded items without damaging delicate designs. Perfect for both professionals and beginners, the molds are user-friendly and can be used with minimal effort.

Specifications:
-Material: Food-grade, BPA-free, flexible silicone
-Temperature Resistance: Heat-resistant up to 450F (232C); freezer safe
-Design Options: Floral, lace, 3D shapes, vintage patterns, more
-Size: 	Available in various sizes for different cake projects
-Cleaning: Dishwasher safe, non-stick, easy to clean

Additional Features:
-Multi-Purpose Use: These molds are not just limited to fondant but can also be used for gum paste, sugarpaste, chocolate, candy, and even soap making, offering versatility for different creative projects.
-Perfect for Detailed Edibles: The molds allow for precision in creating realistic and fine details, perfect for making professional-looking edible decorations that stand out on cakes and cupcakes.
-Variety of Color Options: Choose from molds available in various colors, which help you add a creative flair to your cake decorating sessions.

Why Choose Our Silicone Molds for Fondant?
Our silicone molds stand out from competitors due to their exceptional flexibility and ability to maintain fine details even in complex designs. The high-quality silicone ensures an easy release, and the heat and cold resistance makes them perfect for a wide range of baking needs. Unlike many traditional molds, these are dishwasher safe, offering ultimate convenience for those who want to spend more time decorating and less time cleaning.

Whether you're a beginner just starting to explore cake decoration or an experienced baker looking for professional-grade tools, these silicone molds for fondant will help you achieve flawless designs with minimal effort. Shop for Christmas Tree Deer Silicone Fondant Mould Cake Sugarcraft Chocolate Baking Mold"
https://i.ebayimg.com/images/g/FY0AAOSwMKRdYKic/s-l500.webp,F5055 Embossed Round Fondant Silicone Mold for Clay Polymer Resin Decoration,2398,"Silicone Molds for Fondant
 (Jigyansha)","Silicone Molds for Fondant & Cake Decoration

-Who Needs It: Ideal for cake decorators, bakers, and DIY enthusiasts looking to create intricate fondant designs, gum paste decorations, or chocolates for special occasions like weddings, birthdays, and holidays.
-Features: Made from food-grade, non-stick silicone, these molds offer detailed, high-quality designs for easy release and professional results.
-Durability: Flexible and durable, these molds are heat-resistant and can be used repeatedly without losing shape, providing long-lasting performance.
-Options: Available in a wide variety of shapes, including flowers, letters, animals, and custom designs to match any theme or event.
-Additional Features: Dishwasher safe for easy cleaning, and microwave and freezer safe for versatile use, making them perfect for fondant, chocolate, and even ice molding. Shop now Christmas Tree Deer Silicone Fondant Mould Cake Sugarcraft Chocolate Baking Mold","Silicone Molds for Fondant and Cake Decorating

Product Features:
Silicone molds for fondant are a must-have for cake decorators, bakers, and hobbyists looking to create intricate and professional-looking designs with ease. These versatile molds provide superior detail and flexibility, making them an excellent tool for both novice and experienced decorators. Whether you're designing wedding cakes, birthday treats, or crafting edible decorations, these silicone molds will elevate your creations to the next level.

What is it used for?
Silicone molds for fondant are designed for molding fondant, gum paste, chocolate, and other edible materials into shapes like flowers, lace, intricate patterns, and 3D designs. They are ideal for decorating cakes, cupcakes, cookies, and pastries, allowing you to achieve detailed and precise shapes without the need for intricate hand molding.

Key Features:
-Superior Flexibility & Easy Release
Made from food-grade, BPA-free silicone, these molds are flexible and non-stick, ensuring easy removal of fondant or other molded ingredients. The high-quality silicone ensures that your designs retain their fine details even after popping out of the mold.

-Durable & Long-Lasting
Crafted to withstand frequent use, these silicone molds are tear-resistant and highly durable. The flexible yet sturdy material ensures they maintain their shape even after extensive use, making them a long-term investment for cake decorators.

-Heat & Cold Resistant
These molds can be used with hot and cold ingredients. They are heat resistant up to 450F (232C), so they can also be used for molding chocolate, candy, and other melted substances. They're equally effective in the freezer or fridge, allowing you to mold butter, fondant, and more.

-Wide Range of Designs & Customization Options
Available in an array of detailed designs, these molds range from floral patterns to intricate lace textures and even 3D shapes. Choose from different styles to match the theme of your celebration등hether you're creating elegant roses, whimsical animals, or vintage-inspired lace.

-Safe & Easy to Use
Easy to clean and maintain, these molds are dishwasher safe, which ensures quick cleanup. The non-stick surface makes it simple to release molded items without damaging delicate designs. Perfect for both professionals and beginners, the molds are user-friendly and can be used with minimal effort.

Specifications:
-Material: Food-grade, BPA-free, flexible silicone
-Temperature Resistance: Heat-resistant up to 450F (232C); freezer safe
-Design Options: Floral, lace, 3D shapes, vintage patterns, more
-Size: 	Available in various sizes for different cake projects
-Cleaning: Dishwasher safe, non-stick, easy to clean

Additional Features:
-Multi-Purpose Use: These molds are not just limited to fondant but can also be used for gum paste, sugarpaste, chocolate, candy, and even soap making, offering versatility for different creative projects.
-Perfect for Detailed Edibles: The molds allow for precision in creating realistic and fine details, perfect for making professional-looking edible decorations that stand out on cakes and cupcakes.
-Variety of Color Options: Choose from molds available in various colors, which help you add a creative flair to your cake decorating sessions.

Why Choose Our Silicone Molds for Fondant?
Our silicone molds stand out from competitors due to their exceptional flexibility and ability to maintain fine details even in complex designs. The high-quality silicone ensures an easy release, and the heat and cold resistance makes them perfect for a wide range of baking needs. Unlike many traditional molds, these are dishwasher safe, offering ultimate convenience for those who want to spend more time decorating and less time cleaning.

Whether you're a beginner just starting to explore cake decoration or an experienced baker looking for professional-grade tools, these silicone molds for fondant will help you achieve flawless designs with minimal effort. Shop for Christmas Tree Deer Silicone Fondant Mould Cake Sugarcraft Chocolate Baking Mold"
https://i.ebayimg.com/images/g/tsQAAOSwQPFmAmsT/s-l500.webp,small angel wings silicone mold fondant clay FAST Free Shipping,5700,"Silicone Molds for Fondant
 (Jigyansha)","Silicone Molds for Fondant & Cake Decoration

-Who Needs It: Ideal for cake decorators, bakers, and DIY enthusiasts looking to create intricate fondant designs, gum paste decorations, or chocolates for special occasions like weddings, birthdays, and holidays.
-Features: Made from food-grade, non-stick silicone, these molds offer detailed, high-quality designs for easy release and professional results.
-Durability: Flexible and durable, these molds are heat-resistant and can be used repeatedly without losing shape, providing long-lasting performance.
-Options: Available in a wide variety of shapes, including flowers, letters, animals, and custom designs to match any theme or event.
-Additional Features: Dishwasher safe for easy cleaning, and microwave and freezer safe for versatile use, making them perfect for fondant, chocolate, and even ice molding. Shop now Christmas Tree Deer Silicone Fondant Mould Cake Sugarcraft Chocolate Baking Mold","Silicone Molds for Fondant and Cake Decorating

Product Features:
Silicone molds for fondant are a must-have for cake decorators, bakers, and hobbyists looking to create intricate and professional-looking designs with ease. These versatile molds provide superior detail and flexibility, making them an excellent tool for both novice and experienced decorators. Whether you're designing wedding cakes, birthday treats, or crafting edible decorations, these silicone molds will elevate your creations to the next level.

What is it used for?
Silicone molds for fondant are designed for molding fondant, gum paste, chocolate, and other edible materials into shapes like flowers, lace, intricate patterns, and 3D designs. They are ideal for decorating cakes, cupcakes, cookies, and pastries, allowing you to achieve detailed and precise shapes without the need for intricate hand molding.

Key Features:
-Superior Flexibility & Easy Release
Made from food-grade, BPA-free silicone, these molds are flexible and non-stick, ensuring easy removal of fondant or other molded ingredients. The high-quality silicone ensures that your designs retain their fine details even after popping out of the mold.

-Durable & Long-Lasting
Crafted to withstand frequent use, these silicone molds are tear-resistant and highly durable. The flexible yet sturdy material ensures they maintain their shape even after extensive use, making them a long-term investment for cake decorators.

-Heat & Cold Resistant
These molds can be used with hot and cold ingredients. They are heat resistant up to 450F (232C), so they can also be used for molding chocolate, candy, and other melted substances. They're equally effective in the freezer or fridge, allowing you to mold butter, fondant, and more.

-Wide Range of Designs & Customization Options
Available in an array of detailed designs, these molds range from floral patterns to intricate lace textures and even 3D shapes. Choose from different styles to match the theme of your celebration등hether you're creating elegant roses, whimsical animals, or vintage-inspired lace.

-Safe & Easy to Use
Easy to clean and maintain, these molds are dishwasher safe, which ensures quick cleanup. The non-stick surface makes it simple to release molded items without damaging delicate designs. Perfect for both professionals and beginners, the molds are user-friendly and can be used with minimal effort.

Specifications:
-Material: Food-grade, BPA-free, flexible silicone
-Temperature Resistance: Heat-resistant up to 450F (232C); freezer safe
-Design Options: Floral, lace, 3D shapes, vintage patterns, more
-Size: 	Available in various sizes for different cake projects
-Cleaning: Dishwasher safe, non-stick, easy to clean

Additional Features:
-Multi-Purpose Use: These molds are not just limited to fondant but can also be used for gum paste, sugarpaste, chocolate, candy, and even soap making, offering versatility for different creative projects.
-Perfect for Detailed Edibles: The molds allow for precision in creating realistic and fine details, perfect for making professional-looking edible decorations that stand out on cakes and cupcakes.
-Variety of Color Options: Choose from molds available in various colors, which help you add a creative flair to your cake decorating sessions.

Why Choose Our Silicone Molds for Fondant?
Our silicone molds stand out from competitors due to their exceptional flexibility and ability to maintain fine details even in complex designs. The high-quality silicone ensures an easy release, and the heat and cold resistance makes them perfect for a wide range of baking needs. Unlike many traditional molds, these are dishwasher safe, offering ultimate convenience for those who want to spend more time decorating and less time cleaning.

Whether you're a beginner just starting to explore cake decoration or an experienced baker looking for professional-grade tools, these silicone molds for fondant will help you achieve flawless designs with minimal effort. Shop for Christmas Tree Deer Silicone Fondant Mould Cake Sugarcraft Chocolate Baking Mold"
